{"loss": [1.6322124004364014, 1.1634855270385742, 0.9776340126991272, 0.8722701072692871, 0.7953265905380249, 0.7372166514396667, 0.6833946108818054, 0.6329153180122375, 0.5959436297416687, 0.5626927018165588, 0.5210912227630615, 0.49653714895248413, 0.4690513610839844, 0.4459625780582428, 0.4179249107837677, 0.4044558107852936, 0.38067570328712463, 0.3655945658683777, 0.3512749969959259, 0.3377402424812317, 0.3206137418746948, 0.3079849183559418, 0.29767778515815735, 0.2885589003562927, 0.26949143409729004, 0.2585461437702179, 0.26134029030799866, 0.24721477925777435, 0.2562992572784424, 0.23543496429920197, 0.21690097451210022, 0.2183544933795929, 0.21066291630268097, 0.20303474366664886, 0.20844027400016785, 0.19912494719028473, 0.19062677025794983, 0.18106797337532043, 0.19115948677062988, 0.17816810309886932, 0.16877415776252747, 0.16957567632198334, 0.16155897080898285, 0.16133767366409302, 0.16063053905963898, 0.15174563229084015, 0.15291787683963776, 0.14669908583164215, 0.1453111320734024, 0.14320160448551178, 0.14062969386577606, 0.1347033679485321, 0.13655543327331543, 0.1340225338935852, 0.12998101115226746, 0.13079911470413208, 0.13059070706367493, 0.12351557612419128, 0.1240684762597084, 0.12274021655321121, 0.11795138567686081, 0.11562537401914597, 0.1132984384894371, 0.11365615576505661, 0.11200384795665741, 0.11400032043457031, 0.11176301538944244, 0.10358379036188126, 0.10413948446512222, 0.10483147203922272, 0.10359202325344086, 0.10228981077671051, 0.10355771332979202, 0.10265149176120758, 0.09935072064399719, 0.09873369336128235, 0.09648609161376953, 0.09222619235515594, 0.09368529915809631, 0.09395156055688858, 0.09257379174232483, 0.09438134729862213, 0.09105774760246277, 0.0867273360490799, 0.08977655321359634, 0.08791117370128632, 0.0852685421705246, 0.10224874317646027, 0.08889736980199814, 0.08984524756669998, 0.08781133592128754, 0.08569388836622238, 0.08416780084371567, 0.08295775204896927, 0.08141487836837769, 0.08457820117473602, 0.08137596398591995, 0.08306420594453812, 0.08620131760835648, 0.07896458357572556], "acc": [0.4601599872112274, 0.5976600050926208, 0.6589000225067139, 0.6954399943351746, 0.7225000262260437, 0.7432600259780884, 0.763759970664978, 0.7781999707221985, 0.7899600267410278, 0.8021199703216553, 0.8167200088500977, 0.8245000243186951, 0.8337200284004211, 0.8425999879837036, 0.8519399762153625, 0.8568000197410583, 0.8640599846839905, 0.8689799904823303, 0.8753799796104431, 0.8794999718666077, 0.8858399987220764, 0.890500009059906, 0.8928800225257874, 0.8961600065231323, 0.9044600129127502, 0.9070600271224976, 0.9071800112724304, 0.9118199944496155, 0.9085599780082703, 0.9158999919891357, 0.9229599833488464, 0.9225599765777588, 0.9248800277709961, 0.9269000291824341, 0.9259999990463257, 0.928659975528717, 0.9332200288772583, 0.9359800219535828, 0.9300199747085571, 0.936460018157959, 0.9404799938201904, 0.939300000667572, 0.9423199892044067, 0.9426599740982056, 0.9422799944877625, 0.9456400275230408, 0.9458199739456177, 0.9474800229072571, 0.9488199949264526, 0.9499199986457825, 0.949720025062561, 0.9515600204467773, 0.9519400000572205, 0.9519199728965759, 0.9533799886703491, 0.9543399810791016, 0.9550399780273438, 0.9569399952888489, 0.9557999968528748, 0.9570800065994263, 0.9579200148582458, 0.9591799974441528, 0.9601799845695496, 0.9597600102424622, 0.9612799882888794, 0.959659993648529, 0.9605200290679932, 0.9635199904441833, 0.96288001537323, 0.9628999829292297, 0.9632599949836731, 0.9635199904441833, 0.9637600183486938, 0.963379979133606, 0.965939998626709, 0.9660199880599976, 0.9666399955749512, 0.9671000242233276, 0.9680799841880798, 0.9671000242233276, 0.9681000113487244, 0.9661999940872192, 0.968720018863678, 0.9702399969100952, 0.968559980392456, 0.968940019607544, 0.9696599841117859, 0.9636600017547607, 0.9679999947547913, 0.968500018119812, 0.9692999720573425, 0.9693800210952759, 0.9700999855995178, 0.9710800051689148, 0.9718800187110901, 0.9700000286102295, 0.9718599915504456, 0.9705600142478943, 0.969760000705719, 0.9728599786758423], "val_loss": [1.2943880558013916, 1.0499939918518066, 1.1107499599456787, 0.8584477305412292, 0.773331880569458, 0.733613133430481, 0.6956748366355896, 0.7115359306335449, 0.6826586723327637, 0.6135761141777039, 0.6026594638824463, 0.6387640237808228, 0.6037258505821228, 0.6740453839302063, 0.5973314046859741, 0.6500609517097473, 0.5857254862785339, 0.6447229385375977, 0.5801284909248352, 0.6031857132911682, 0.5704748630523682, 0.5888193845748901, 0.6316432356834412, 0.5859100222587585, 0.6028660535812378, 0.613564670085907, 0.602618932723999, 0.6292389631271362, 0.6153102517127991, 0.6345679759979248, 0.6805021166801453, 0.5813751220703125, 0.5857628583908081, 0.6153210401535034, 0.617183268070221, 0.6035612225532532, 0.6054342985153198, 0.6137571334838867, 0.599784791469574, 0.6589570045471191, 0.6470282673835754, 0.6330863237380981, 0.6548198461532593, 0.626495361328125, 0.6074387431144714, 0.6279968619346619, 0.6281377077102661, 0.6450468897819519, 0.6473175287246704, 0.6407270431518555, 0.6528289318084717, 0.6292871236801147, 0.6583924293518066, 0.6346256136894226, 0.6322435140609741, 0.6564236283302307, 0.6669793725013733, 0.6235161423683167, 0.655986487865448, 0.6513113975524902, 0.6590061783790588, 0.6573531031608582, 0.635138750076294, 0.6625684499740601, 0.6539944410324097, 0.6343611478805542, 0.71629798412323, 0.6402530670166016, 0.649818480014801, 0.6502764821052551, 0.7167989611625671, 0.6514201760292053, 0.7068802714347839, 0.6643543243408203, 0.6952946186065674, 0.6547562479972839, 0.6491345167160034, 0.6820215582847595, 0.6768341064453125, 0.6838169693946838, 0.6981623768806458, 0.6817865371704102, 0.6808341145515442, 0.7030627727508545, 0.6441131234169006, 0.7383047342300415, 0.6873672008514404, 0.6845592856407166, 0.6854560375213623, 0.7324684858322144, 0.6838654279708862, 0.694084644317627, 0.6737830638885498, 0.6799663305282593, 0.6754812002182007, 0.6720640659332275, 0.738696813583374, 0.7398681044578552, 0.7135886549949646, 0.6769658923149109],