{"loss": [1.6322124004364014, 1.1634855270385742, 0.9776340126991272, 0.8722701072692871, 0.7953265905380249, 0.7372166514396667, 0.6833946108818054], "acc": [0.4601599872112274, 0.5976600050926208, 0.6589000225067139, 0.6954399943351746, 0.7225000262260437, 0.7432600259780884, 0.763759970664978], "val_loss": [1.2943880558013916, 1.0499939918518066, 1.1107499599456787, 0.8584477305412292, 0.773331880569458, 0.733613133430481, 0.6956748366355896], "val_acc": [0.5526999831199646, 0.6353999972343445, 0.6215999722480774, 0.6983000040054321, 0.7329999804496765, 0.7459999918937683, 0.7598000168800354]}